Category,Item,Quantity,Pantry staple,H-E-B,Target,Aldi,Tom Thumb,Kroger,Market Street,Sprouts,Walmart,Cheapest
Meat & Seafood,"Chicken breasts, boneless skinless",3 lb family pack,,11.39,13.09,11.19,16.39,12.79,15.89,14.19,11.88,Aldi
Meat & Seafood,Chicken drumsticks,~3 lb pack,,4.19,5.09,4.09,5.79,4.69,5.79,5.29,4.38,Aldi
Meat & Seafood,"Ground beef, 93/7 lean",2 lb,,14.29,16.89,14.69,19.59,16.19,18.69,18.29,14.88,H-E-B
Meat & Seafood,"Pork chops, boneless",~1.5 lb,,6.59,7.59,6.29,9.19,7.19,8.39,8.39,6.68,Aldi
Meat & Seafood,"Fish fillets, frozen (tilapia or swai)",2 lb bag,,8.19,10.39,8.69,12.09,9.39,11.39,11.59,8.98,H-E-B
Meat & Seafood,Sliced smoked turkey (lunch meat),16 oz,,5.19,6.19,5.09,7.49,5.49,7.19,6.69,5.48,Aldi
Meat & Seafood,"Hot dogs, beef franks",1 pack (8 ct),,2.79,3.39,2.79,3.89,3.19,3.79,3.69,2.98,H-E-B
Dairy & Eggs,"Eggs, large",18 ct,,3.19,3.49,2.89,4.09,3.29,4.29,3.99,3.18,Aldi
Dairy & Eggs,"Greek yogurt, plain nonfat",2 x 32 oz tubs,,8.79,9.39,7.59,11.59,9.29,11.09,11.09,8.98,Aldi
Dairy & Eggs,Shredded cheese,8 oz bag,,2.19,2.49,1.89,2.89,2.29,2.79,2.79,2.18,Aldi
Dairy & Eggs,Sliced cheese,12 oz (16 slices),,2.59,2.79,2.29,3.49,2.69,3.29,3.39,2.58,Aldi
Dairy & Eggs,"Butter, salted",1 lb (4 sticks),yes,3.89,4.19,3.39,5.09,4.09,4.89,4.99,3.98,Aldi
Produce,"Carrots, fresh",2 lb bag,,1.59,1.79,1.39,2.19,1.69,1.99,1.69,1.58,Aldi
Produce,"Asparagus, fresh",2 bunches (~2 lb),,6.79,7.89,6.09,8.79,7.39,8.79,7.09,6.98,Aldi
Produce,Apples (Gala),3 lb bag,,4.39,4.99,3.89,5.99,4.59,5.49,4.59,4.48,Aldi
Produce,Oranges,3 lb bag,,4.79,5.69,4.39,6.49,5.19,6.39,4.89,4.98,Aldi
Produce,"Peaches, frozen unsweetened",2 x 16 oz bags,,5.49,6.69,5.09,7.89,6.29,7.19,5.79,5.88,Aldi
Produce,"Potatoes, russet",5 lb bag,,3.39,3.89,2.89,4.29,3.79,4.29,3.49,3.48,Aldi
Frozen,"Green beans, frozen",32 oz bag,,3.29,3.49,2.79,4.09,3.39,4.19,4.29,3.18,Aldi
Frozen,"French fries, frozen",32 oz bag,,2.79,3.09,2.59,3.89,3.09,3.89,3.69,2.98,Aldi
Frozen,"Pepperoni pizzas, frozen",2 pizzas,,7.99,8.39,6.69,10.39,8.49,10.59,10.09,7.98,Aldi
Bakery & Grains,Whole-grain bread,2 loaves (20 oz),,3.79,4.29,3.49,5.29,4.09,4.99,5.09,3.98,Aldi
Bakery & Grains,Whole-grain hamburger buns,8 ct,,2.39,2.69,2.09,3.29,2.49,3.19,3.39,2.48,Aldi
Bakery & Grains,Hot dog buns,8 ct,,1.29,1.49,1.19,1.79,1.39,1.59,1.79,1.28,Aldi
Bakery & Grains,"Tortillas, whole wheat",10 ct,,2.39,2.69,2.09,3.19,2.59,3.09,3.19,2.48,Aldi
Bakery & Grains,"Pasta, whole wheat",2 x 16 oz,,2.39,2.59,1.99,3.29,2.49,3.19,3.19,2.48,Aldi
Bakery & Grains,"Rice, long grain white",2 lb bag,yes,1.99,2.09,1.69,2.59,2.09,2.59,2.59,1.98,Aldi
Pantry,Cereal: Cheerios (original),1 box (~12 oz),,4.39,4.79,3.19,5.49,4.79,5.49,5.79,4.48,Aldi
Pantry,Granola bars (Nature Valley Oats 'n Honey),12 ct box,,4.69,4.39,3.29,5.49,4.69,5.39,5.89,4.48,Aldi
Pantry,Marinara sauce,24 oz jar,,1.89,2.09,1.69,2.49,1.99,2.59,2.69,1.98,Aldi
Pantry,"Black beans, canned",3 x 15 oz cans,,2.29,2.49,2.09,3.19,2.29,2.99,3.19,2.28,Aldi
Pantry,Tortilla chips,13 oz bag,,2.29,2.39,1.99,2.99,2.29,2.99,3.09,2.28,Aldi
Pantry,Salsa,16 oz jar,,2.19,2.39,1.99,2.99,2.29,2.89,2.89,2.18,Aldi
Spices & Condiments,"Olive oil, extra virgin",17 oz bottle,yes,6.49,7.69,6.19,9.19,6.99,9.09,9.49,6.98,Aldi
Spices & Condiments,Garlic powder,~3 oz,yes,1.29,1.59,1.29,1.99,1.59,1.99,1.99,1.48,H-E-B
Spices & Condiments,Onion powder,~2.5 oz,yes,1.29,1.59,1.29,1.89,1.59,1.99,1.99,1.48,H-E-B
Spices & Condiments,"Black pepper, ground",~3 oz,yes,2.19,2.69,2.19,3.19,2.49,3.29,3.39,2.48,H-E-B
Spices & Condiments,Paprika,~2.5 oz,yes,1.19,1.39,1.09,1.69,1.29,1.59,1.79,1.28,Aldi
Spices & Condiments,Cajun seasoning (Tony Chachere's),8 oz,yes,3.39,3.19,2.39,4.09,3.29,3.99,3.99,3.18,Aldi
Spices & Condiments,Lemon pepper,~3 oz,yes,1.39,1.49,1.29,1.99,1.49,1.89,2.09,1.48,Aldi
Spices & Condiments,"Salt, iodized",26 oz,yes,0.59,0.69,0.59,0.89,0.69,0.89,0.99,0.68,H-E-B
Spices & Condiments,Barbecue sauce,18 oz,yes,1.19,1.39,1.09,1.69,1.29,1.69,1.79,1.28,Aldi
Spices & Condiments,Miracle Whip,30 oz jar,yes,5.09,4.99,3.69,6.09,5.49,5.89,6.09,4.98,Aldi
Spices & Condiments,Ketchup,32 oz,yes,1.79,2.19,1.69,2.69,1.99,2.49,2.69,1.98,Aldi
Spices & Condiments,"Mustard, yellow",20 oz,yes,0.89,0.99,0.79,1.29,1.09,1.29,1.39,0.98,Aldi
Spices & Condiments,Sandwich pickles (slices),24 oz jar,yes,2.29,2.69,2.09,3.39,2.49,3.29,3.39,2.48,Aldi
Spices & Condiments,Grape jelly,30 oz jar,yes,1.89,2.19,1.89,2.89,2.29,2.89,2.99,2.08,H-E-B
Household,Meal-prep containers,10 ct,yes,5.69,6.19,5.09,7.99,6.39,7.59,8.49,5.98,Aldi
Household,"Zip-top storage bags, gallon",40 ct,yes,2.89,3.09,2.59,3.99,3.19,3.99,4.09,2.98,Aldi
Household,Aluminum foil,75 sq ft,yes,4.09,4.29,3.49,5.49,4.19,4.99,5.39,3.98,Aldi
Household,Dish soap,~20 oz,yes,2.99,3.09,2.59,4.09,3.09,3.69,3.99,2.98,Aldi
Household,Paper towels,6 rolls,yes,8.09,8.49,7.19,10.79,8.59,10.09,11.29,7.98,Aldi
,TOTAL (grocery list),,,176.73,200.03,161.03,240.63,192.03,233.53,226.83,182.86,Aldi
,"TOTAL (2-week recurring, no staples)",,,139.89,158.99,128.39,189.99,151.79,183.79,175.19,144.08,Aldi
,TOTAL (list + household add-ons),,,200.48,225.18,181.98,272.98,217.48,263.88,260.08,206.76,Aldi
